{"Year":[2000,2001,2002,2003,2004,2005,2006,2007,2008,2009,2010,2011,2012,2013,2014,2015,2016,2017,2018,2019,2020],"Series1":[3.9235122125414605,10.657976527800606,17.609949454745685,23.284729959504109,26.2925417662742,30.246113702901319,32.651218748566535,39.485995926858408,44.8391991840935,51.349559055448481,55.1665591359046,63.855338409905606,72.489182908265519,77.241516207707022,80.020313497585732,83.658501737051239,88.686840389846509,93.567739168928384,97.2457171400077,102.85761897014567,107.03950327856464],"Series2":[0.077217765672762173,1.6498635214781325,3.5526832376413022,7.0532580208997517,7.85126407343293,9.9889640963106139,12.399671284217169,11.199469945090224,13.805435865914355,14.367686751891368,15.878211474091797,21.596254918498058,25.904868996606837,29.145385340464482,30.906004501633,31.61942187800862,34.216952827627431,35.879739563811945,35.907738098227533,37.8750427993093,38.554952287817613],"Series3":[2.1086404728571893,2.6445022119225428,4.3090714033037907,4.7789332850856274,5.8198426149561922,6.97489652409344,7.6538115425310895,10.799626213635115,12.600032770886502,14.796304355247551,17.893850737902948,19.281565753258352,21.326883954752745,20.955057611438136,20.996650455807639,19.327710496167,19.525025314268081,20.074009367645356,20.337427823684056,22.452131779196613,22.598781748926395]}